song_id,tiktok_video_count,tiktok_views,tiktok_likes,tiktok_shares,tiktok_comments,tiktok_hashtag_challenge,days_since_release,spotify_popularity,spotify_streams,is_hit
SG0000,1673,18012983,1202123,146907,48061,0,476,6.1,1462287,0
SG0001,2268,22021906,2481074,336769,121612,1,646,32.3,3273962,1
SG0002,1469,19178123,1584570,90892,45063,0,379,0.0,0,0
SG0003,1316,21952073,2505963,277263,89465,0,237,14.9,2835529,0
SG0004,2463,35936187,3278309,450592,153249,0,412,17.2,3520727,0
SG0005,1402,17381639,2189466,301661,43673,1,769,25.0,3557081,0
SG0006,1876,23080709,1686459,250608,76670,0,280,8.3,1717003,0
SG0007,1751,21275791,2990933,472664,41579,0,19,21.7,2193989,0
SG0008,2461,28257107,2826303,413296,101571,0,878,22.9,3123746,0
SG0009,1151,27769637,3488125,587876,144106,0,176,29.6,5973091,1
SG0010,3036,49152974,6634325,953446,229443,0,542,37.1,6914181,1
SG0011,938,17397119,2607530,340611,77760,0,720,6.7,1489582,0
SG0012,1962,25591720,1852701,261100,64277,0,247,16.2,1425044,0
SG0013,1806,25746648,2025984,132051,32550,0,306,6.4,701738,0
SG0014,871,10578977,793881,72222,14784,1,253,20.9,1844301,0
SG0015,2076,9120213,695754,89828,14468,0,135,17.2,1937741,0
SG0016,1219,11565826,1251936,226535,42454,0,138,30.3,2446060,1
SG0017,650,5042391,753092,114362,20842,1,168,10.4,1723443,0
SG0018,2257,13543952,2018425,128293,39922,1,412,23.9,4058541,0
SG0019,452,4618790,474245,65844,21489,0,478,0.0,0,0
SG0020,757,15366965,1750339,145734,43682,0,15,11.4,1657960,0
SG0021,1457,21596026,2936995,470220,81769,0,761,20.1,1618960,0
SG0022,2451,49417687,7081225,1232955,186859,0,608,35.8,6965301,1
SG0023,2164,36017465,2535127,352429,43801,0,64,31.5,2810728,1
SG0024,1654,29987409,3084330,427810,121106,0,758,15.1,3431459,0
SG0025,323,3681041,490622,49449,13707,0,28,11.0,922362,0
SG0026,904,15454606,1241317,145156,13220,0,504,14.1,2399548,0
SG0027,1068,19133067,1798142,322975,87318,0,419,12.8,2971341,0
SG0028,624,7920688,1176714,186506,50163,0,452,4.3,762489,0
SG0029,241,4154396,616947,78946,24025,0,860,22.5,4127194,0
SG0030,1508,26035244,3660833,385247,163872,1,834,22.3,4367986,0
SG0031,2211,28304756,3675226,211534,170061,1,251,34.1,3437604,1
SG0032,1004,10550961,811506,57983,19070,0,522,2.2,428422,0
SG0033,2430,24940272,2047222,161635,70502,0,863,34.1,7831417,1
SG0034,402,6169100,646079,68489,22194,0,656,11.4,2800039,0
SG0035,591,9638051,1022382,195910,21155,0,799,1.5,232978,0
SG0036,1485,17567396,1766406,222166,33346,1,391,27.9,3865986,1
SG0037,938,14169748,1610633,137267,23444,0,255,12.1,2517557,0
SG0038,2089,36102407,3279264,215980,119275,0,460,18.6,3204568,0
SG0039,1862,32534284,4064098,409440,167590,0,735,28.6,3539015,1
SG0040,992,21037860,1753610,302251,70912,0,836,16.0,1748269,0
SG0041,440,8847486,734940,79007,16647,0,617,7.0,762574,0
SG0042,904,9939330,623420,103410,11352,0,636,7.2,1138032,0
SG0043,1894,41164849,2835073,483112,79791,1,461,37.3,4062758,1
SG0044,2145,27619221,3730033,248506,118885,0,288,23.3,1942106,0
SG0045,942,18067080,1709655,241572,79949,0,381,12.1,1075146,0
SG0046,239,3649995,265671,51504,11953,0,448,0.0,0,0
SG0047,380,5073532,638930,70487,29801,0,734,17.5,1617059,0
SG0048,1790,13906890,1465760,84488,64508,0,500,4.9,452959,0
SG0049,979,14013153,730303,137658,35480,0,713,12.6,1974445,0
SG0050,998,8744942,713903,130323,20431,1,25,15.3,1861505,0
SG0051,582,10981872,743474,95403,8846,0,681,20.6,5019353,0
SG0052,573,12071488,1395310,185350,18616,0,456,0.6,140920,0
SG0053,2403,28385091,2199932,179869,56342,0,898,14.9,2217214,0
SG0054,1834,29725257,1679318,290383,34102,0,425,10.8,1687871,0
SG0055,809,9787633,543150,67779,9123,0,431,9.5,1365808,0
SG0056,1409,17592860,1903067,104824,91591,1,115,12.1,1045890,0
SG0057,1588,28739590,1499411,228588,26714,0,726,13.0,1687191,0
SG0058,3766,55909459,7541023,1452208,364798,0,631,27.9,2813840,1
SG0059,531,11660012,764193,133254,30899,0,776,8.6,837665,0
SG0060,1573,20560793,2275188,208361,81082,0,84,11.4,1998949,0
SG0061,2395,45498642,4298202,249290,159208,0,191,15.8,1529282,0
SG0062,3487,53663722,5059692,966667,117683,0,789,47.1,4592171,1
SG0063,775,14091911,805771,153547,28892,0,38,0.0,0,0
SG0064,969,12801816,1667759,216579,29131,0,457,16.6,2576120,0
SG0065,2102,31113309,4334247,634306,205912,1,364,28.9,2988199,1
SG0066,318,4623085,236247,28205,5214,1,845,25.7,2075437,1
SG0067,1684,19628319,1331985,150467,26916,1,771,30.4,3429291,1
SG0068,4641,81905881,11498801,780967,442088,1,807,58.8,7061978,1
SG0069,1808,31822600,3339761,215457,121092,1,260,23.1,4990575,0
SG0070,121,2102280,136656,11603,3833,1,529,16.1,3793554,0
SG0071,657,13894145,976467,171366,34467,1,630,16.1,2399069,0
SG0072,795,16533916,1917911,137849,31414,1,870,19.0,2828236,0
SG0073,2765,37328111,4572009,384070,168858,1,7,48.3,9714183,1
SG0074,1176,19394838,2132320,282089,44404,1,879,17.6,3283750,0
SG0075,243,3038860,441591,36329,9235,0,320,3.2,356172,0
SG0076,1278,19289392,1917488,142816,31614,0,116,20.8,2044788,0
SG0077,1472,18548675,1484398,199647,34579,0,554,20.0,3087880,0
SG0078,881,18924127,1849328,194575,42996,1,703,20.2,3555620,0
SG0079,564,9280503,797813,114824,22472,0,117,3.9,403963,0
SG0080,4961,70088429,5077317,948599,89445,1,37,45.0,5843542,1
SG0081,2400,47458738,2591072,188238,45914,1,807,27.6,3643484,1
SG0082,2545,16078135,1370198,256247,43393,1,840,30.3,3769947,1
SG0083,1178,8179548,990878,183682,15016,0,141,8.0,1266635,0
SG0084,764,13892082,720218,125579,27048,1,813,18.8,3591191,0
SG0085,916,13961556,1311239,189727,62622,1,818,28.1,4681355,1
SG0086,401,6416715,734078,104989,19872,1,897,5.1,582662,0
SG0087,3719,36053531,4003398,584023,184333,1,195,40.3,3929235,1
SG0088,1214,18097177,2310373,354814,32189,0,521,15.4,3383656,0
SG0089,3188,73368752,9615119,504527,112672,0,894,39.5,6378530,1
SG0090,952,17418552,2110616,408855,82007,0,812,24.1,2182584,0
SG0091,1826,28629536,1725781,237882,69792,1,544,35.3,4372987,1
SG0092,1531,20276233,1976978,330590,86438,0,178,17.7,3835337,0
SG0093,360,4831815,533145,56829,6543,1,76,28.0,5818217,1
SG0094,4023,26081947,1944581,100845,79876,1,233,24.6,5630665,0
SG0095,975,15629797,847997,107237,21252,0,59,9.5,1732371,0
SG0096,485,8915237,645097,81332,14278,0,176,8.3,1260720,0
SG0097,2114,18386562,1755722,202870,29708,0,68,9.3,1418509,0
SG0098,1328,16406553,1499444,151380,74733,1,686,24.6,2779308,0
SG0099,1713,17764052,1202034,105146,15081,0,531,4.8,915051,0
SG0100,1429,15917052,2108079,272219,90816,0,466,19.3,3463610,0
SG0101,139,2114735,301495,32046,10727,1,728,20.1,2137171,0
SG0102,638,4250605,298115,58278,11746,0,370,6.6,1521713,0
SG0103,616,10753562,1537300,116741,59137,1,363,2.8,399390,0
SG0104,2520,45398859,2351029,230282,104238,0,187,18.2,1609891,0
SG0105,1365,19103979,2722245,256147,47235,0,400,19.4,2633351,0
SG0106,1904,9666923,1403568,184564,14081,0,157,13.2,3007958,0
SG0107,1022,11256640,576398,71987,19563,0,530,0.0,0,0
SG0108,1969,39245335,4956761,726468,119727,0,897,37.0,6044606,1
SG0109,1180,4587866,674508,129843,10084,1,480,18.7,4536204,0
SG0110,1115,15175045,2133463,197949,37219,0,269,5.3,1212592,0
SG0111,1524,15666715,2304119,354640,53616,0,619,22.6,4978536,0
SG0112,1428,26015705,2732490,146887,35001,0,738,11.0,2487657,0
SG0113,5989,73661970,4258812,380560,52283,0,425,45.4,6579314,1
SG0114,631,10484579,1415197,169198,66006,1,226,20.5,4276294,0
SG0115,321,5541051,617177,33728,13876,0,642,17.9,3188842,0
SG0116,1686,37673507,4199604,599075,206995,1,169,47.0,9510275,1
SG0117,713,10116209,927912,140807,45073,0,897,10.2,1124281,0
SG0118,117,1930988,206971,33531,3250,0,286,5.1,1042118,0
SG0119,509,4611427,301393,38423,11632,0,315,10.2,2476465,0
SG0120,5168,102128229,12661551,1780109,430900,0,654,59.8,7860875,1
SG0121,617,7378064,424251,46417,15962,1,11,20.4,5052007,0
SG0122,217,2768265,340435,19128,4714,0,183,0.0,0,0
SG0123,4962,73988425,9980878,648685,175088,0,113,56.6,6449739,1
SG0124,491,4295495,417723,61927,5457,0,352,2.1,208086,0
SG0125,7146,113729162,11484716,2289286,392379,0,498,86.3,18420176,1
SG0126,988,18643426,1514245,79301,74900,1,162,21.9,3817614,0
SG0127,4034,65236780,9586274,1281086,353535,1,310,35.5,4693537,1
SG0128,1095,9465628,1167229,189851,44857,0,695,10.7,1962771,0
SG0129,1834,26601735,2311660,402266,114157,1,846,34.1,4653190,1
SG0130,1199,21543770,1453789,191581,53965,1,13,26.6,4155473,1
SG0131,1102,8251825,593784,84903,6892,0,565,7.1,1609235,0
SG0132,1587,16982385,1636969,252926,73140,1,24,37.2,7201484,1
SG0133,1882,34828620,5024266,898564,123532,0,468,28.9,6057680,1
SG0134,1500,24120572,2976831,203446,30287,1,791,30.3,5429575,1
SG0135,1388,23107266,1652732,312246,50060,1,718,33.4,8301158,1
SG0136,718,16110469,2190316,118063,103997,0,210,13.0,1573516,0
SG0137,1235,20839650,1830139,321061,37139,1,233,16.8,2093103,0
SG0138,3707,65360163,8834878,543442,262047,1,705,35.2,3369872,1
SG0139,690,17831657,1322573,104740,22419,0,737,5.6,975426,0
SG0140,1621,22928691,2564942,129745,31568,0,253,22.3,4109244,0
SG0141,2980,35189237,5020344,586318,66377,1,3,37.1,7546639,1
SG0142,1893,31634274,2397542,240123,93697,1,400,36.3,4974036,1
SG0143,2538,42526636,5073115,379970,226073,0,558,30.2,2478926,1
SG0144,483,6227385,926206,108980,14571,0,399,15.5,2905924,0
SG0145,1624,17653548,1148536,126747,24731,0,841,11.0,2747560,0
SG0146,1053,25524064,1501841,248027,26734,0,732,17.5,2276284,0
SG0147,1089,17758730,2085221,383617,23092,0,709,17.2,1913824,0
SG0148,3503,42284217,3550757,525104,114111,0,19,44.1,5640406,1
SG0149,1103,20586084,1175968,80743,44683,0,768,0.0,0,0
SG0150,1662,24204403,2360669,222631,84783,0,679,13.2,1619048,0
SG0151,217,3035498,380581,71167,9713,0,357,9.2,1278645,0
SG0152,4031,69531087,5459041,345612,175783,0,531,54.9,10348383,1
SG0153,2439,23981396,2002559,222340,27563,1,741,31.7,4395355,1
SG0154,1270,20841346,2804618,536735,45356,0,815,13.9,2047887,0
SG0155,1016,23014248,2347618,452150,110976,0,496,20.8,1805550,0
SG0156,2030,34235362,4596891,513383,185991,0,38,31.7,7482792,1
SG0157,2956,39891668,3775305,566709,177097,0,557,26.6,3967938,1
SG0158,4067,52755411,7665230,908420,357714,0,612,46.0,6246082,1
SG0159,2384,31846998,3664935,597454,131848,0,53,34.5,3267229,1
SG0160,1403,19619761,1208378,66143,56950,0,735,27.8,5221149,1
SG0161,2638,35583385,4928629,353006,131437,0,182,33.3,7554113,1
SG0162,2315,43210043,4274619,607550,43364,0,801,28.7,2496786,1
SG0163,1407,11350499,728292,61819,9105,0,496,9.6,1005084,0
SG0164,2268,41840064,2730859,409377,39268,1,290,39.6,4153496,1
SG0165,2239,30184527,3584515,368070,49516,1,53,32.0,5836375,1
SG0166,1265,20882355,1143042,209173,27510,0,17,14.4,3407172,0
SG0167,866,9086113,714708,123565,27195,0,667,0.0,0,0
SG0168,2106,42782388,2737164,339204,113937,0,340,34.8,4817958,1
SG0169,536,10710641,1007954,167254,33875,0,756,0.0,0,0
SG0170,430,8100495,740671,67157,11745,0,208,1.6,329978,0
SG0171,1682,15038729,1536772,190773,61341,0,828,14.4,1756059,0
SG0172,2066,37841856,2950288,234908,71373,0,847,38.7,4154076,1
SG0173,1673,27804290,1479309,264993,15561,0,92,13.7,1929339,0
SG0174,1808,15510678,1728488,299823,36684,0,582,9.6,2033784,0
SG0175,2041,30416636,2657556,492504,61719,1,845,27.2,5389973,1
SG0176,3512,57800980,6654829,1208660,139550,1,291,65.7,12692920,1
SG0177,2412,41545014,2528707,490416,107406,0,61,3.4,751409,0
SG0178,2362,37104765,1906358,160611,77011,0,788,14.4,1830415,0
SG0179,1588,25669901,1920863,364529,72651,0,427,38.9,5358328,1
SG0180,1632,34099735,3261801,442567,50754,1,25,35.9,3130397,1
SG0181,1186,23606304,2110573,239284,89305,0,756,5.6,1275045,0
SG0182,1769,6247719,818640,109743,30360,0,611,10.3,1843834,0
SG0183,511,7016155,615904,62446,10959,0,64,5.5,718744,0
SG0184,3523,50524737,5206277,485656,187029,1,233,52.7,4837902,1
SG0185,651,5202535,568905,49038,16691,0,17,19.7,3998698,0
SG0186,2409,37042547,1932996,120549,53300,0,859,25.6,5306505,1
SG0187,3230,64583950,6556132,816138,94965,0,23,36.8,7111613,1
SG0188,2405,25622217,2164645,396485,66524,0,716,27.3,3129747,1
SG0189,5471,89426798,8238713,1190681,115319,0,460,55.0,12938570,1
SG0190,149,1689169,101398,12993,1680,0,524,0.0,0,0
SG0191,914,11253489,1443620,164989,22090,0,730,0.0,0,0
SG0192,3194,66785181,9633122,1152701,463972,0,805,33.8,6444323,1
SG0193,413,5298694,276734,22523,5920,0,115,0.0,0,0
SG0194,669,11271880,1241454,215318,30053,1,17,8.6,2045185,0
SG0195,1951,14662013,1853049,147794,42403,0,113,17.4,3153895,0
SG0196,1390,31204485,2448951,385693,112480,0,614,8.7,1312254,0
SG0197,1866,32488197,4183036,686008,136026,0,512,0.0,0,0
SG0198,1481,21133870,2393104,326013,111916,0,76,7.5,1644325,0
SG0199,1584,27406662,3916857,702836,86159,0,211,17.4,3298742,0
SG0200,729,6823966,1010632,94653,14748,1,483,11.6,1080368,0
SG0201,1547,30522500,1655375,301679,53383,0,657,29.7,3093897,1
SG0202,966,13238122,1250920,199411,29798,1,309,14.9,3472170,0
SG0203,1077,15275868,1599364,271592,67295,1,854,28.5,6565393,1
SG0204,2386,31097638,2011218,301053,90860,0,893,21.6,5223128,0
SG0205,392,4969538,415595,73540,12011,0,689,3.4,519297,0
SG0206,83,1475630,219521,43677,10724,0,409,0.0,0,0
SG0207,2266,36309539,1874409,211854,60206,0,789,21.5,4747162,0
SG0208,1548,27255624,2596119,446759,54094,0,655,12.3,1644122,0
SG0209,3228,48306442,6485886,1048683,191716,0,468,39.3,4115001,1
SG0210,686,11698220,963817,113663,11076,0,399,5.6,1397169,0
SG0211,1234,16442562,1611039,304554,67921,0,749,5.0,425686,0
SG0212,1430,34204066,5055517,551879,71067,1,501,40.7,7388967,1
SG0213,808,7052448,687526,92692,15366,0,165,9.9,1886307,0
SG0214,610,12226687,771407,50829,25157,1,899,13.2,2585935,0
SG0215,2347,48046915,2650851,222317,31065,0,62,27.3,3370368,1
SG0216,354,4103343,593104,104448,7812,0,625,3.0,608005,0
SG0217,521,12460806,954260,104475,36113,0,590,0.0,0,0
SG0218,1202,22816317,2290904,249966,29486,0,527,15.1,3336141,0
SG0219,2540,47966772,2833405,246214,82404,0,47,22.3,2614671,0
SG0220,854,12905723,1192043,147505,28070,1,443,11.4,2262216,0
SG0221,765,10810287,1545985,264166,29564,0,803,0.0,0,0
SG0222,1147,16244232,1628342,300062,28579,0,216,9.3,1042723,0
SG0223,1743,28867779,4246840,257006,172151,0,622,25.2,3035534,1
SG0224,1009,20790187,1577633,214910,75823,0,773,6.7,1423399,0
SG0225,2767,43511785,4370955,524912,68218,0,857,50.2,4749915,1
SG0226,2847,32325480,4394748,624679,212649,0,465,35.2,3957513,1
SG0227,1202,21993845,2085571,244202,70472,0,283,24.6,3873030,0
SG0228,4533,84697305,6602048,724883,235471,0,629,57.8,13763967,1
SG0229,1406,24771805,3357757,405556,128927,0,438,32.6,5721926,1
SG0230,2782,50025911,4451753,611225,169900,1,564,36.0,5252588,1
SG0231,1707,23755102,2448493,306422,104777,0,667,0.0,0,0
SG0232,1684,19002328,2805745,338994,82317,0,639,13.1,2080685,0
SG0233,273,3146932,216031,37303,6769,1,219,16.8,2582747,0
SG0234,480,4059910,325361,52658,7468,0,680,4.9,734899,0
SG0235,1052,16777079,890979,90173,12661,0,488,12.4,1650075,0
SG0236,2832,41534692,3704220,630038,135521,1,837,50.2,6795479,1
SG0237,1725,22839084,1599154,284725,18141,1,593,29.3,5770116,1
SG0238,1060,3368176,397456,29023,8356,1,802,22.4,1947501,0
SG0239,2080,20822318,1418669,194928,19533,0,880,9.2,1802361,0
SG0240,2761,53793564,6319736,586451,111411,1,895,36.3,4145632,1
SG0241,1339,16525263,1261663,202971,44851,0,670,25.2,3661947,1
SG0242,1577,25929612,2217546,190304,77922,1,537,27.5,2885069,1
SG0243,1430,13495279,1145561,172648,30749,1,107,16.6,2887863,0
SG0244,1275,26462397,3219816,284209,43811,1,348,22.0,4487770,0
SG0245,679,9793820,946581,119905,25874,0,428,1.8,252524,0
SG0246,633,10229382,881055,169424,21242,0,702,1.4,150893,0
SG0247,2071,50331759,6807988,729789,264274,0,530,22.1,2618981,0
SG0248,2797,58920931,6316032,1145480,209446,0,395,26.9,5893230,1
SG0249,1059,14586388,1041221,206205,30885,0,132,8.8,1104402,0
SG0250,1039,13119576,1836860,332889,54149,1,644,16.6,3514210,0
SG0251,195,2671074,225078,16853,10950,0,389,10.7,1458451,0
SG0252,153,2607057,140515,24301,5655,0,33,3.9,437129,0
SG0253,3296,48052725,4779325,262014,142802,0,256,35.0,7127485,1
SG0254,719,9648277,601992,65614,17559,0,791,0.6,95791,0
SG0255,5720,119369107,8815007,1592078,97486,0,107,70.6,6023389,1
SG0256,834,12128995,1512620,231904,72152,0,366,12.2,2966920,0
SG0257,283,6848134,431947,56114,9834,1,461,19.4,2039290,0
SG0258,1438,22091951,2887294,312346,58431,1,76,25.6,3586027,1
SG0259,2328,51544884,7406522,1272770,370150,0,149,45.4,6601844,1
SG0260,2149,35306517,3906779,611152,151378,0,846,25.3,4129037,1
SG0261,2492,46978790,5686121,683817,67633,0,531,38.2,8156673,1
SG0262,561,6788972,823900,151492,10278,1,190,11.8,956217,0
SG0263,3243,37570035,5608484,473873,61805,1,153,27.3,6511602,1
SG0264,3372,56780513,4778297,361042,162389,0,383,37.9,7194110,1
SG0265,3471,65790073,4360938,638531,56092,1,651,55.0,13288567,1
SG0266,1618,24530540,2500072,489512,118342,0,657,22.7,4970306,0
SG0267,993,9785445,1011080,88053,48002,0,176,11.7,2781470,0
SG0268,921,8803808,596821,52192,19004,1,653,14.3,2605032,0
SG0269,281,2610898,290621,20612,10074,0,806,0.0,0,0
SG0270,850,6740084,346524,62057,7511,0,204,10.5,1630601,0
SG0271,74,1142407,163097,13693,2048,0,24,4.3,825021,0
SG0272,239,4660541,356333,44711,14074,0,863,0.0,0,0
SG0273,1605,23988870,1294344,257096,18213,0,470,24.4,4986978,0
SG0274,1088,6482674,394308,20433,5292,0,699,0.0,0,0
SG0275,1554,22124232,1637744,218594,36765,0,288,10.4,2299416,0
SG0276,2204,31624764,2447459,310444,25694,0,269,34.7,3980508,1
SG0277,1771,41413055,2206528,377574,60373,1,203,39.1,9402419,1
SG0278,1663,15252118,1188681,122781,45535,0,196,10.0,1064427,0
SG0279,1245,16729425,1159251,129315,48751,1,424,23.8,2426598,0
SG0280,696,15189093,1334545,100345,45604,0,96,10.0,2180189,0
SG0281,416,6988763,618622,99673,27142,0,757,0.0,0,0
SG0282,869,14993076,1257930,210962,33033,0,460,2.6,534531,0
SG0283,1261,19492963,1613869,113776,70930,1,823,22.3,5425370,0
SG0284,1386,22619206,1333925,145422,40363,0,452,11.0,1385909,0
SG0285,2495,45185543,2373167,436510,44903,1,273,38.7,8534522,1
SG0286,1175,13820414,970351,48911,46349,0,463,18.9,2643106,0
SG0287,1983,36709760,4613129,437388,96870,0,139,22.3,3821278,0
SG0288,327,3109112,463509,61765,5120,0,741,0.0,0,0
SG0289,1622,26460451,3779944,378425,74491,0,648,22.1,1789978,0
SG0290,1539,24185329,2428737,220545,59910,0,133,13.8,2451688,0
SG0291,3244,40662980,4195703,499312,100923,0,524,29.9,6191572,1
SG0292,1089,16236182,1322569,102140,40982,0,484,8.4,921260,0
SG0293,1052,13160351,1676549,217018,75989,0,181,28.6,6817710,1
SG0294,2215,23729726,3001232,468205,65107,0,110,3.0,510503,0
SG0295,449,6099907,819993,111760,25281,0,684,1.8,198543,0
SG0296,1591,16839216,2349920,150315,55471,0,238,14.4,2733279,0
SG0297,427,6956338,649964,114823,27864,0,467,0.0,0,0
SG0298,4237,44063351,5582278,425630,91013,0,223,44.7,4058789,1
SG0299,941,16794881,2194081,361413,31025,0,588,18.8,3694267,0
SG0300,399,4099359,331416,34495,9982,0,45,2.9,286572,0
SG0301,864,11002884,1572578,263272,57989,1,324,17.2,1686579,0
SG0302,1598,19977535,1187347,96105,49656,0,492,12.8,2634117,0
SG0303,1939,39362838,5881867,458781,197542,0,395,26.0,2323993,1
SG0304,3130,51085230,6488287,808141,265721,1,551,46.5,10121225,1
SG0305,777,10996931,652415,35843,16772,0,163,5.5,1184399,0
SG0306,2286,38850290,4491985,376404,50825,0,398,28.3,2944243,1
SG0307,240,1577095,84245,13361,1233,1,681,17.6,2958994,0
SG0308,524,7769591,986883,173304,11397,1,300,6.2,597843,0
SG0309,337,7747649,1006592,62527,23310,1,142,6.4,1200237,0
SG0310,661,10264924,1131615,206306,33744,0,763,0.0,0,0
SG0311,2214,33811439,4587740,778207,111265,0,700,33.5,8058818,1
SG0312,794,13650855,816161,147278,26463,1,612,20.4,2352410,0
SG0313,928,17244486,1338040,207080,39103,1,718,24.8,4863083,0
SG0314,1630,11426517,1044586,157861,38772,0,701,0.4,40723,0
SG0315,1881,15557175,843911,108665,30953,0,672,27.8,3214552,1
SG0316,951,15064948,1428482,211298,32458,0,458,5.6,877304,0
SG0317,521,6325197,484012,90929,11543,0,18,6.1,1082300,0
SG0318,3785,76639062,6841837,445255,228557,0,537,52.0,12989951,1
SG0319,957,13148512,1216372,118431,41183,0,246,1.4,118170,0
SG0320,1037,7530566,1038775,63228,23463,0,696,3.5,280187,0
SG0321,1146,11377424,876449,168033,20344,0,422,11.0,1535186,0
SG0322,2025,8102624,1129297,131890,42644,0,814,35.5,5049753,1
SG0323,308,4331557,401089,60685,14397,0,536,5.5,1266387,0
SG0324,4775,68026863,5631316,992057,86733,0,495,61.3,14414022,1
SG0325,1014,13488379,1352226,268619,37377,0,827,20.1,4616753,0
SG0326,2075,40079696,3678287,273176,168128,1,428,37.3,3891896,1
SG0327,404,7996808,605656,102917,6936,0,338,0.0,0,0
SG0328,1510,21620853,2167878,396967,95834,0,334,24.6,5087291,0
SG0329,4297,27763885,1809654,103749,29908,0,787,16.1,2143616,0
SG0330,3904,68199469,5810116,947709,175988,0,680,57.5,11083151,1
SG0331,2036,35062853,3736964,385687,100798,0,147,25.1,3019888,0
SG0332,622,10099766,922520,135877,9598,0,443,0.0,0,0
SG0333,3018,57118423,7561978,961182,352508,0,334,37.3,8439984,1
SG0334,238,2461083,186235,16567,5251,0,582,7.2,882623,0
SG0335,601,13844047,2034758,143009,98015,0,48,7.1,1731939,0
SG0336,1250,13952861,1792554,121072,38485,0,642,17.2,2271502,0
SG0337,263,4733182,694638,45497,31016,0,668,0.0,0,0
SG0338,863,7120275,952790,138791,44681,0,204,0.0,0,0
SG0339,2319,26155864,1679478,172501,54202,0,136,18.7,2040260,0
SG0340,723,15230338,1563333,128967,28307,0,565,9.5,1578525,0
SG0341,2396,33439536,2240377,344531,83812,0,232,20.0,1983234,0
SG0342,5618,103144740,13596821,2080686,434542,0,847,84.3,15715906,1
SG0343,1775,28307383,3068979,401653,146639,0,697,13.2,3019273,0
SG0344,2367,34511256,2634759,501246,72642,1,859,36.6,5183592,1
SG0345,3088,63166279,9030244,973569,187292,1,481,54.1,5877627,1
SG0346,932,13097735,805754,141312,12514,1,844,6.4,947227,0
SG0347,2328,18337766,1950886,119532,74027,0,13,6.9,1473939,0
SG0348,913,10761567,1314030,211525,64340,0,261,9.1,1643031,0
SG0349,1684,28972827,1619142,321022,18027,0,3,33.6,3265730,1
SG0350,2578,42748489,4693168,830642,185933,0,610,35.4,6064792,1
SG0351,648,5658185,744561,101967,35051,0,460,0.0,0,0
SG0352,85,1028723,58382,8408,758,0,259,0.0,0,0
SG0353,593,7515156,760716,78348,10959,0,275,11.5,1135363,0
SG0354,2844,38502417,2920628,443710,110044,0,579,26.4,6515230,1
SG0355,526,4995077,580889,96171,20864,0,163,13.7,1506004,0
SG0356,2736,34163106,2113594,422157,26954,1,463,27.6,3112349,1
SG0357,596,7202992,1035107,128218,44899,0,552,8.9,932266,0
SG0358,1117,20202210,2817660,166793,87169,1,216,30.5,5396450,1
SG0359,1319,24053924,1650037,229980,76376,0,206,11.0,1709662,0
SG0360,524,7554381,621926,42199,28061,0,319,1.6,195879,0
SG0361,1127,15137684,1646427,142769,69973,0,533,11.3,1728922,0
SG0362,282,4387834,534465,53081,16373,0,229,7.5,1458740,0
SG0363,1002,11757166,1108296,176944,22241,0,341,9.2,1176579,0
SG0364,1236,12870062,844651,65520,25541,0,489,17.6,4146415,0
SG0365,92,1033998,62469,4676,876,0,168,0.0,0,0
SG0366,589,7339380,1100734,62460,40015,0,512,0.0,0,0
SG0367,1647,17040034,1627923,294631,25003,0,125,30.3,7340978,1
SG0368,468,7323375,1005156,154820,30603,1,129,10.8,2352189,0
SG0369,1851,33167814,3258326,182440,39671,0,213,16.2,2241001,0
SG0370,1984,17164787,2441446,132433,53664,0,258,15.7,3501781,0
SG0371,1641,24779944,1456464,194876,28085,0,27,16.4,2758454,0
SG0372,2308,32589552,2001061,184858,69639,0,865,18.1,2514957,0
SG0373,262,4287901,613012,85520,25422,0,278,3.1,690475,0
SG0374,2658,39732435,5751242,662489,70694,0,724,30.5,6339975,1
SG0375,532,4886740,398131,75046,17522,1,811,15.7,2051027,0
SG0376,1438,14308736,1223632,114007,54366,0,720,0.0,0,0
SG0377,4184,63252432,6024479,914948,142724,0,748,59.8,8539221,1
SG0378,985,18828396,1724985,100235,62720,0,90,10.2,817824,0
SG0379,1345,8262671,570161,110257,14883,1,335,23.7,5771155,0
SG0380,535,8764854,1225655,241593,19815,1,671,5.9,1023277,0
SG0381,4157,82136034,6187369,995307,192714,1,518,56.1,10195251,1
SG0382,590,8488858,1023138,122553,13765,0,6,1.0,181981,0
SG0383,2109,36276508,2057442,170765,92870,0,511,33.1,5746459,1
SG0384,3085,37599127,2025658,348164,95148,0,724,21.9,2831848,0
SG0385,2252,32704749,3773246,605429,161738,1,746,40.9,10027368,1
SG0386,1717,14622565,1226856,102188,39874,0,346,7.7,1429763,0
SG0387,1421,7989752,923183,108642,29822,0,213,6.1,1183745,0
SG0388,400,7508425,446016,53263,22026,0,279,2.4,377555,0
SG0389,4034,44616121,6468674,1125300,128830,0,267,51.1,6588651,1
SG0390,1614,21269112,2655479,405164,34621,0,312,1.9,172784,0
SG0391,1345,12715940,1750053,256339,56837,0,272,1.6,223262,0
SG0392,492,4605179,293106,43225,6785,0,412,0.0,0,0
SG0393,1396,19969290,1637803,148336,37495,1,37,14.8,2849814,0
SG0394,1281,15476646,1343905,142127,13819,0,248,5.1,1170096,0
SG0395,4184,69085722,7165382,407347,242545,1,283,42.3,5561110,1
SG0396,1345,22609656,1801692,302758,37045,0,138,9.0,1229310,0
SG0397,1379,22454806,1258885,144708,22048,1,790,7.5,1454714,0
SG0398,498,7945292,690349,79898,8019,0,608,0.0,0,0
SG0399,701,14939062,1127225,97847,27700,1,820,28.1,6687922,1
SG0400,1934,20751094,1838383,149670,83019,0,505,19.5,2766152,0
SG0401,208,3074294,214265,29605,5028,0,99,3.5,340213,0
SG0402,2648,51717450,3940333,334467,146434,0,814,22.3,2446227,0
SG0403,2698,54116913,6098718,363674,245545,0,412,21.4,5105330,0
SG0404,637,5932346,526883,87002,12183,0,616,0.0,0,0
SG0405,1721,23664745,2000578,213002,85756,1,343,26.2,5045745,1
SG0406,3153,64423623,6660794,712940,250946,1,445,57.3,6105205,1
SG0407,1201,20455812,2601694,298408,84216,0,440,21.8,2463340,0
SG0408,1030,16254483,1428554,246078,14342,0,256,16.3,3740369,0
SG0409,1135,16036711,1744023,171133,19888,0,499,5.7,599444,0
SG0410,1611,21691786,3180455,520657,157860,1,660,28.4,2362527,1
SG0411,784,12663854,1294220,247107,53440,1,19,16.5,2725959,0
SG0412,959,13416892,1891510,282081,89851,0,118,9.3,2107971,0
SG0413,1635,24246535,3136707,359944,144577,1,758,44.5,6026122,1
SG0414,895,13706383,765801,124188,8284,0,513,0.0,0,0
SG0415,457,5615485,521734,61921,21742,1,876,12.4,3062542,0
SG0416,186,3185904,381772,42821,10707,1,544,21.9,4271497,0
SG0417,1365,36386775,5409665,696724,224946,1,588,22.4,5031429,0
SG0418,3021,23841893,2284950,223144,23463,0,809,17.5,3637611,0
SG0419,1785,29088449,1724320,113180,37121,0,594,13.2,2622855,0
SG0420,474,5668679,602018,67563,24112,0,297,2.7,392514,0
SG0421,697,12064798,755936,51841,31538,1,475,4.4,594606,0
SG0422,1023,15535513,1944299,216918,67639,0,212,16.2,3270503,0
SG0423,4273,77116621,7770864,1037721,171349,0,301,56.4,11383844,1
SG0424,4427,87220870,10670874,2023269,239182,1,612,75.9,18337441,1
SG0425,4088,64466470,8827792,489354,429653,0,134,38.9,6872547,1
SG0426,1473,28765052,3247424,465092,89526,0,605,19.9,2588703,0
SG0427,8048,45252362,5034050,597341,140374,0,526,47.3,7720301,1
SG0428,728,15551397,1951032,103481,62615,0,278,7.0,1290319,0
SG0429,993,16384746,2199578,192314,58025,0,41,28.9,4408523,1
SG0430,2509,48452235,6633371,449562,212976,0,634,33.1,7099706,1
SG0431,1642,16617856,891431,73560,24330,0,742,3.1,556091,0
SG0432,1712,19990887,2111418,192530,90935,0,657,17.1,1395429,0
SG0433,554,8633399,618383,68143,28669,0,379,0.0,0,0
SG0434,1273,19008243,2585778,334485,122267,0,588,5.0,938563,0
SG0435,737,11889486,1365385,68472,44473,0,373,0.0,0,0
SG0436,372,7193758,661985,49172,18327,0,323,0.8,120266,0
SG0437,815,6470381,445229,28510,17012,0,295,13.3,2362871,0
SG0438,1642,31026043,2603158,344790,113323,1,190,33.9,5449410,1
SG0439,2229,33508841,4033719,400795,131173,0,872,28.5,4855875,1
SG0440,178,2524907,177844,23521,6757,0,599,0.0,0,0
SG0441,1320,12032511,714229,59476,28561,1,158,15.5,3604342,0
SG0442,1229,20907987,2902088,155651,107539,0,778,16.7,3920660,0
SG0443,1580,8442838,1067352,204083,42529,0,137,6.0,1039020,0
SG0444,483,8497697,594664,39394,10909,0,534,2.8,488920,0
SG0445,492,4443535,352066,24302,10539,0,149,7.3,655427,0
SG0446,3076,46797746,6888956,495881,230991,0,325,32.1,5831015,1
SG0447,644,9353021,1130017,222829,11412,1,593,19.2,2936751,0
SG0448,954,18772957,2084778,297391,92227,1,899,35.2,7058917,1
SG0449,1036,14799652,1195262,169181,41118,0,892,8.9,783299,0
SG0450,749,9155360,731627,144865,11095,0,806,16.4,3293954,0
SG0451,1891,24533057,1323616,83739,56457,0,212,20.7,2665579,0
SG0452,1777,35702650,4386005,860425,169660,0,85,13.6,2594742,0
SG0453,1186,20334192,1104502,89025,44546,0,815,3.1,578495,0
SG0454,788,10604494,535375,76805,13749,0,830,0.3,35568,0
SG0455,1113,15642340,1923218,217347,84944,1,251,15.0,2323153,0
SG0456,1406,12276196,1778665,191371,47243,0,18,11.3,2509251,0
SG0457,697,11538066,1449761,275000,47581,0,583,13.6,2488127,0
SG0458,1993,15865749,1541579,111585,15455,0,69,24.9,2282969,0
SG0459,2635,47448934,4678679,933678,167472,0,37,35.1,5450836,1
SG0460,3434,53276746,4987430,533000,193148,1,843,42.6,5665848,1
SG0461,3295,80885024,6670132,982618,218009,0,446,29.7,5615669,1
SG0462,1031,10928040,1116533,217931,33342,1,101,20.0,3689517,0
SG0463,1460,21300453,1983393,116306,84090,1,589,24.6,2011484,0
SG0464,1168,25921600,2846626,536388,106050,1,332,28.5,5224284,1
SG0465,1165,23026875,3219433,435176,68003,0,483,33.2,6803491,1
SG0466,1107,13522173,2021577,314677,97769,0,809,21.7,4571845,0
SG0467,1339,21284569,1231830,89156,47167,1,214,29.2,2628755,1
SG0468,2935,44048472,3896895,506628,192964,1,582,32.6,4290874,1
SG0469,1679,27078615,1843258,278381,90043,0,745,13.3,2016499,0
SG0470,462,5638838,480496,56908,22466,1,381,13.4,1481519,0
SG0471,2559,37470716,2950717,216133,118662,0,873,18.5,2803208,0
SG0472,1564,13462584,908101,78657,31217,0,404,15.5,1427426,0
SG0473,1907,29635721,3746180,667415,63261,1,413,35.6,3533190,1
SG0474,1655,27804136,2770094,152827,87906,0,795,9.2,1781838,0
SG0475,1711,24108541,3421594,534895,138968,0,572,29.2,3639409,1
SG0476,1769,15106899,804582,160842,24808,1,781,23.9,4802441,0
SG0477,227,4302586,243947,12471,10911,1,711,0.0,0,0
SG0478,1889,31089351,2808218,208248,40399,1,641,29.6,5199521,1
SG0479,724,8757460,508175,76796,12825,0,218,8.5,1245643,0
SG0480,893,12392695,945227,55767,28582,1,359,26.1,5624162,1
SG0481,1331,11975436,1779585,246416,48570,0,778,9.1,1940773,0
SG0482,3797,41381070,2933750,447690,42080,0,554,38.7,5566806,1
SG0483,542,6964025,486170,67199,7847,0,252,6.4,1189512,0
SG0484,1296,25808133,2770866,290324,120545,1,295,15.9,1887064,0
SG0485,1086,13511997,1348495,208467,39612,1,698,9.2,1643756,0
SG0486,2533,44481644,4805967,668722,57426,1,161,49.4,4634460,1
SG0487,1062,13643232,1196150,97062,12750,0,101,19.4,2985324,0
SG0488,1577,25219053,3345969,449933,96829,0,688,21.4,2376763,0
SG0489,544,7852323,501434,91404,8311,0,260,17.3,3982024,0
SG0490,2830,52333000,4858557,728905,185621,0,689,42.5,6614408,1
SG0491,340,4372656,520241,62828,21752,0,480,8.9,1605840,0
SG0492,1871,16296198,2229705,219040,42658,0,898,8.4,1186625,0
SG0493,1584,15003970,1304702,82043,43951,1,472,36.3,4685820,1
SG0494,1758,22629837,2416290,209478,39090,1,780,31.2,3572286,1
SG0495,345,3451297,196427,10150,4349,1,765,9.5,2232672,0
SG0496,1044,17373045,1164548,230573,53047,0,191,5.9,1273864,0
SG0497,2449,32172335,1831050,152658,58161,0,896,23.5,2412378,0
SG0498,4177,102329926,12564896,2164069,570892,0,671,53.8,11133545,1
SG0499,1223,9844100,775774,58413,14747,0,97,14.5,2191678,0
SG0500,2292,36246908,4435698,410480,102912,0,6,18.1,1495375,0
SG0501,1472,15438612,874440,98585,25217,0,244,14.6,2479407,0
SG0502,1273,16582600,2259458,222920,65983,0,15,9.0,918971,0
SG0503,949,14771828,1972822,334891,98455,0,322,9.4,1087475,0
SG0504,1336,7613215,448364,86827,6536,0,896,2.5,495817,0
SG0505,2152,34318599,1797458,325868,79229,0,431,20.1,2486654,0
SG0506,2276,51464069,2862888,209095,127533,0,22,42.0,9728081,1
SG0507,421,5551409,751455,125119,24142,0,445,15.7,3009986,0
SG0508,880,14114523,1036998,74863,24640,0,197,11.7,2591411,0
SG0509,519,9912737,1039125,194323,31972,0,770,6.5,1199784,0
SG0510,1387,19895385,1842798,235291,39986,0,82,20.8,4736252,0
SG0511,1014,12853625,1665219,167283,69879,0,693,19.2,2716538,0
SG0512,1716,10119345,1000700,73605,29952,1,401,14.8,2565637,0
SG0513,1802,31650261,3167117,163966,148961,0,17,19.4,3253406,0
SG0514,111,1614753,240451,20965,8393,0,606,0.0,0,0
SG0515,1328,14540623,945328,176873,28901,0,410,20.2,2182319,0
SG0516,2974,46115994,6136673,1040714,235910,0,694,52.4,9341365,1
SG0517,880,11145445,614949,120203,18545,0,556,8.5,1770153,0
SG0518,859,11069327,1082191,70466,49975,1,708,1.0,142908,0
SG0519,2633,45880458,6360567,883017,110532,0,414,38.7,8803818,1
SG0520,2350,22669205,2641447,233959,129256,0,8,12.6,1806997,0
SG0521,570,10937878,1296373,170396,55079,0,118,2.1,229871,0
SG0522,2192,20625087,1574348,154393,69947,0,413,22.1,3962269,0
SG0523,690,8520944,782712,72416,22946,0,358,8.4,1272571,0
SG0524,851,19310708,1673429,227714,72774,0,715,7.5,619367,0
SG0525,569,11100859,1133889,87873,25252,0,371,1.7,156183,0
SG0526,418,6433193,619019,74511,25056,1,774,15.4,1743235,0
SG0527,1449,16283686,1346495,198772,21029,1,169,19.5,4110328,0
SG0528,356,4586316,369418,25573,8231,1,347,4.3,996080,0
SG0529,1494,22847893,1715540,325247,47742,0,680,12.9,2228590,0
SG0530,1459,22103985,1912099,240654,43773,1,112,27.8,2722902,1
SG0531,1180,17271089,1122519,194116,28602,0,289,10.1,1725597,0
SG0532,915,13612152,1867729,276584,79946,0,676,0.0,0,0
SG0533,772,10918009,1203295,188315,24387,1,530,26.2,5434173,1
SG0534,504,4652970,294898,46422,11740,0,700,0.0,0,0
SG0535,3452,44648019,5330345,966204,69019,1,464,42.8,4325428,1
SG0536,1140,21270685,2866578,407171,116467,1,773,20.3,4732252,0
SG0537,1110,10574595,779914,71543,32507,0,789,9.8,2206911,0
SG0538,595,8473857,551309,35794,14371,0,877,10.0,891316,0
SG0539,3212,37647801,1914832,269871,74485,0,110,35.7,7854880,1
SG0540,814,12572556,688033,41249,32066,1,532,11.9,1148661,0
SG0541,1601,21526193,2717146,234201,114197,1,103,31.1,2822580,1
SG0542,1831,38285431,5693757,336535,145861,0,206,26.9,5621081,1
SG0543,1450,24688182,1345210,178015,39506,0,270,1.1,188290,0
SG0544,347,3384217,422374,31277,17390,0,581,18.2,2738611,0
SG0545,2128,37633492,2152117,304656,46709,0,388,10.9,2546856,0
SG0546,807,9604423,1048930,176880,44217,0,778,11.2,2494034,0
SG0547,2334,29623161,3720892,644764,86037,1,269,37.6,3376329,1
SG0548,1265,20562924,1766775,170372,74627,0,555,15.6,2881863,0
SG0549,1912,24919115,1273204,168499,17152,1,687,22.8,4817308,0
SG0550,3071,57032840,6246176,839808,73554,0,882,44.9,7793894,1
SG0551,2073,24672762,3679312,444950,183623,0,221,8.7,2149865,0
SG0552,1945,24359595,1845525,273630,82639,0,660,17.3,3401665,0
SG0553,2195,27162063,1872800,152657,84863,1,77,24.6,2403526,0
SG0554,669,8521350,531669,104678,25547,0,489,0.7,79597,0
SG0555,2402,46591032,4916544,318159,135365,0,373,32.4,7142960,1
SG0556,1071,18758763,2056795,358670,44166,0,862,21.8,5437980,0
SG0557,1100,24023753,3104519,431883,47191,1,696,23.4,2263193,0
SG0558,1416,34083936,4270967,370413,128335,0,834,27.3,2649628,1
SG0559,993,10800991,1504082,243437,28279,0,765,10.2,2139713,0
SG0560,550,8404922,1097491,68782,52045,1,370,8.9,809368,0
SG0561,1336,13754385,1027819,170785,10442,1,660,19.1,1750614,0
SG0562,1104,13126092,1385954,191951,21798,0,28,8.1,1871900,0
SG0563,1073,13390685,1067789,71128,21205,0,502,3.9,842698,0
SG0564,1234,13291883,1102941,68300,19806,0,43,13.7,3149160,0
SG0565,128,1381433,197813,32169,3764,0,652,3.1,590820,0
SG0566,1079,15562268,1839298,172784,66659,0,870,0.0,0,0
SG0567,3329,33733177,4974262,912256,114907,0,613,19.2,4494206,0
SG0568,3155,57952642,5313750,873107,183860,0,756,41.4,5414416,1
SG0569,1372,15543368,1612527,249504,73547,0,211,6.2,786388,0
SG0570,1337,35080574,3462857,317858,118091,0,894,22.3,5144343,0
SG0571,86,1134723,68910,10773,2603,0,496,7.0,1370178,0
SG0572,847,12948995,953955,183371,23486,0,607,0.0,0,0
SG0573,2180,21404624,2199617,140190,36050,0,693,6.6,702921,0
SG0574,974,21256933,1206063,119309,27526,1,575,34.8,8417787,1
SG0575,2705,52687997,7542086,642592,366328,0,286,38.9,7164063,1
SG0576,2595,42006986,2620579,285610,91386,0,550,22.6,4374590,0
SG0577,833,8007453,558904,90179,11793,0,588,0.0,0,0
SG0578,1450,22971867,2906679,352104,81493,0,771,12.7,1838045,0
SG0579,3506,36863051,2200482,298406,95546,0,433,18.7,3783528,0
SG0580,339,7067953,989710,96123,36359,0,452,11.8,2228523,0
SG0581,992,18090884,2217401,157864,71901,1,453,15.8,3379903,0
SG0582,303,4660672,265015,23862,12033,0,103,11.6,2696771,0
SG0583,627,3294569,392662,70267,14488,0,81,1.1,215171,0
SG0584,4194,46412213,5252138,737203,187549,0,19,30.6,2799860,1
SG0585,991,17591285,2211839,235999,38907,0,599,8.8,977977,0
SG0586,174,3454167,458781,77298,6540,1,377,0.0,0,0
SG0587,545,10592990,1290597,77008,62730,0,779,5.8,1419089,0
SG0588,269,2321994,252209,22215,8563,1,632,10.8,2640170,0
SG0589,1492,24179664,1988688,168074,52953,1,128,32.1,2768814,1
SG0590,1812,34540454,4135437,818008,138788,0,90,9.6,1392155,0
SG0591,2425,20289145,2956070,460895,36869,0,330,30.2,6316159,1
SG0592,2099,31418633,3416844,487474,146531,0,828,29.5,6135722,1
SG0593,357,5746046,669038,33952,12488,1,44,23.9,2261047,0
SG0594,1747,24103257,2258783,175386,95279,0,169,16.5,3029616,0
SG0595,1192,9048892,1136650,165190,35662,0,27,17.5,1825037,0
SG0596,2668,36544149,5473098,585391,115279,1,372,27.6,4522138,1
SG0597,2267,31036994,2049649,386650,22973,1,890,37.3,4503847,1
SG0598,4555,65627120,4609683,759254,196526,0,615,38.5,3427939,1
SG0599,587,7481969,777704,91075,13266,0,444,0.0,0,0
